SALE TYPE,SOLD DATE,PROPERTY TYPE,ADDRESS,CITY,STATE OR PROVINCE,ZIP OR POSTAL CODE,PRICE,BEDS,BATHS,LOCATION,SQUARE FEET,LOT SIZE,YEAR BUILT,DAYS ON MARKET,$/SQUARE FEET,HOA/MONTH,STATUS,NEXT OPEN HOUSE START TIME,NEXT OPEN HOUSE END TIME,URL (SEE https://www.redfin.com/buy-a-home/comparative-market-analysis FOR INFO ON PRICING),SOURCE,MLS#,FAVORITE,INTERESTED,LATITUDE,LONGITUDE
MLS Listing,,Single Family Residential,10740 Indies Dr South,Jacksonville,FL,32246,248000,4,2.5,Sandalwood,1336,,1971,1,186,,Active,,,https://www.redfin.com/FL/Jacksonville/10740-Indies-Dr-S-32246/home/58735066,NEFLMLS,1167290,N,Y,30.3152703,-81.5216483
MLS Listing,,Single Family Residential,11467 Avery Dr,Jacksonville,FL,32218,280000,3,2.0,San Mateo,1476,,1967,1,190,,Active,,,https://www.redfin.com/FL/Jacksonville/11467-Avery-Dr-32218/home/108822594,NEFLMLS,1167284,N,Y,30.4448149,-81.626948
MLS Listing,,Single Family Residential,12366 Teal Run Ct,Jacksonville,FL,32258,340000,3,2.0,Teal Run,1436,,1987,1,237,,Active,,,https://www.redfin.com/FL/Jacksonville/12366-Teal-Run-Ct-32258/home/108836928,NEFLMLS,1167282,N,Y,30.149008,-81.5709751
MLS Listing,,Single Family Residential,1187 Pecan Cv,Jacksonville,FL,32221,299900,4,2.0,Rolling Hills Unit 5,1600,,1965,1,187,,Active,,,https://www.redfin.com/FL/Jacksonville/1187-Pecan-Cv-32221/home/108841736,NEFLMLS,1167228,N,Y,30.3017806,-81.7765019
MLS Listing,,Single Family Residential,1350 West 19th St,Jacksonville,FL,32209,96000,2,2.0,Grand Boulevard,840,,1949,1,114,,Active,,,https://www.redfin.com/FL/Jacksonville/1350-W-19th-St-32209/home/72730843,NEFLMLS,1167225,N,Y,30.3552421,-81.6771894
MLS Listing,,Single Family Residential,37 Eubanks St East,Jacksonville,FL,32218,350000,4,3.0,Duval City,1856,,1968,1,189,,Active,,,https://www.redfin.com/FL/Jacksonville/37-Eubanks-St-E-32218/home/72751702,NEFLMLS,1167211,N,Y,30.4857978,-81.62515
MLS Listing,,Single Family Residential,1457 Summit Oaks Dr West,Jacksonville,FL,32221,345000,4,2.0,Crystal Springs,2205,,2003,1,156,21,Active,,,https://www.redfin.com/FL/Jacksonville/1457-Summit-Oaks-Dr-W-32221/home/58744072,NEFLMLS,1167195,N,Y,30.2969823,-81.8190845
MLS Listing,,Single Family Residential,1829 Coldfield Dr West,Jacksonville,FL,32246,340000,3,2.0,Sutton Lakes,1510,,1999,1,225,28,Active,May-7-2022 10:00 AM,May-7-2022 01:00 PM,https://www.redfin.com/FL/Jacksonville/1829-Coldfield-Dr-W-32246/home/108838072,NEFLMLS,1163551,N,Y,30.3187472,-81.5128809
MLS Listing,,Single Family Residential,523 Worcester Ct,Jacksonville,FL,32218,325000,4,2.0,Ambridge Cove,1884,,2014,1,173,32,Active,,,https://www.redfin.com/FL/Jacksonville/523-Worcester-Ct-32218/home/72809133,NEFLMLS,1166614,N,Y,30.4632316,-81.6250216
MLS Listing,,Single Family Residential,1535 Evergreen Ave,Jacksonville,FL,32206,125000,4,2.0,Campbell Addn To Jax,1138,,1999,1,110,,Active,,,https://www.redfin.com/FL/Jacksonville/1535-Evergreen-Ave-32206/home/144381790,NEFLMLS,1166510,N,Y,30.3427275,-81.6429999
MLS Listing,,Single Family Residential,3949 Winton Dr,Jacksonville,FL,32208,195000,3,2.0,Magnolia Heights,1120,,1969,1,174,,Active,,,https://www.redfin.com/FL/Jacksonville/3949-Winton-Dr-32208/home/108250730,NEFLMLS,1166041,N,Y,30.3871368,-81.7111494
MLS Listing,,Single Family Residential,7837 Pikes Peak Dr,Jacksonville,FL,32244,275000,3,2.0,Collins Ridge,1285,,1996,1,214,,Active,,,https://www.redfin.com/FL/Jacksonville/7837-Pikes-Peak-Dr-32244/home/108785571,NEFLMLS,1165933,N,Y,30.198355,-81.7916243
MLS Listing,,Single Family Residential,4358 Jiggermast Ave,Jacksonville,FL,32277,325000,4,2.0,Point St Johns,2210,,1995,1,147,23,Active,,,https://www.redfin.com/FL/Jacksonville/4358-Jiggermast-Ave-32277/home/72752677,NEFLMLS,1167005,N,Y,30.3820489,-81.6141041
MLS Listing,,Single Family Residential,1760 Ribault Scenic Dr,Jacksonville,FL,32208,165000,4,2.0,Lake Forest Hills,1344,,1954,1,123,,Active,,,https://www.redfin.com/FL/Jacksonville/1760-Ribault-Scenic-Dr-32208/home/62465376,NEFLMLS,1166055,N,Y,30.3935469,-81.6894771
MLS Listing,,Single Family Residential,13967 Nations Eagle Ln,Jacksonville,FL,32226,315000,4,2.0,Eagles Hammock,1729,,2009,1,182,37,Active,,,https://www.redfin.com/FL/Jacksonville/13967-Nations-Eagle-Ln-32226/home/62417475,NEFLMLS,1166390,N,Y,30.4909186,-81.5640773
MLS Listing,,Single Family Residential,2558 Parental Home Rd,Jacksonville,FL,32216,249000,3,2.0,Sans Souci,1448,,1954,1,172,,Active,,,https://www.redfin.com/FL/Jacksonville/2558-Parental-Home-Rd-32216/home/72761456,NEFLMLS,1167178,N,Y,30.2776141,-81.5877255
MLS Listing,,Single Family Residential,5472 Running Creek Ln,Jacksonville,FL,32258,340000,3,2.0,Julington Crossing,1940,,1985,1,175,,Active,,,https://www.redfin.com/FL/Jacksonville/5472-Running-Creek-Ln-32258/home/62429418,NEFLMLS,1167168,N,Y,30.1480245,-81.5624813
MLS Listing,,Single Family Residential,7028 Camfield St,Jacksonville,FL,32222,289900,3,2.0,Camfield Heights,1416,,1969,1,205,,Active,,,https://www.redfin.com/FL/Jacksonville/7028-Camfield-St-32222/home/72819961,NEFLMLS,1167156,N,Y,30.219531,-81.8030281
MLS Listing,,Single Family Residential,7826 Morgan Hill Ct,Jacksonville,FL,32216,339000,3,2.0,Bridgestone,1274,,1990,1,266,,Active,,,https://www.redfin.com/FL/Jacksonville/7826-Morgan-Hill-Ct-32216/home/62431799,NEFLMLS,1165971,N,Y,30.2709805,-81.5767585
MLS Listing,,Single Family Residential,206 West 16th St,Jacksonville,FL,32206,250000,4,2.0,Springfield,1726,,1919,1,145,,Active,,,https://www.redfin.com/FL/Jacksonville/206-W-16th-St-32206/home/72730465,NEFLMLS,1167139,N,Y,30.3533426,-81.657251
MLS Listing,,Single Family Residential,37 Perry Creek Dr,Jacksonville,FL,32220,300000,4,2.0,Hammock Plantation,1900,,2005,1,158,38,Active,,,https://www.redfin.com/FL/Jacksonville/37-Perry-Creek-Dr-32220/home/58755129,NEFLMLS,1166956,N,Y,30.3129649,-81.8632852
MLS Listing,,Single Family Residential,4051 Spring Glen Rd,Jacksonville,FL,32207,230000,3,3.0,Spring Glen Farms,1308,,1935,1,176,,Active,,,https://www.redfin.com/FL/Jacksonville/4051-Spring-Glen-Rd-32207/home/72761183,NEFLMLS,1167098,N,Y,30.2837946,-81.6118348
MLS Listing,,Single Family Residential,4812 Elizabeth Ter,Jacksonville,FL,32205,329400,3,2.0,Murray Terrace,1276,,1941,1,258,,Active,,,https://www.redfin.com/FL/Jacksonville/4812-Elizabeth-Ter-32205/home/108874790,NEFLMLS,1167035,N,Y,30.3015741,-81.7285938
MLS Listing,,Single Family Residential,8317 Oak Crossing Dr West,Jacksonville,FL,32244,260000,3,2.0,Ortega Crossing,1570,,2000,1,166,55,Active,,,https://www.redfin.com/FL/Jacksonville/8317-Oak-Crossing-Dr-W-32244/home/72797659,NEFLMLS,1167029,N,Y,30.1964836,-81.7270547
MLS Listing,,Single Family Residential,4671 Meadow Run Pl,Jacksonville,FL,32217,349900,3,2.0,Goodbys Cove,1616,,1987,1,217,,Active,,,https://www.redfin.com/FL/Jacksonville/4671-Meadow-Run-Pl-32217/home/108890475,NEFLMLS,1165677,N,Y,30.2206173,-81.6034848
MLS Listing,,Single Family Residential,10534 Otter Creek Dr,Jacksonville,FL,32222,349900,4,2.0,Bent Creek,1697,,1993,1,206,29,Active,,,https://www.redfin.com/FL/Jacksonville/10534-Otter-Creek-Dr-32222/home/58713029,NEFLMLS,1167007,N,Y,30.2335079,-81.8350305
MLS Listing,,Single Family Residential,2111 Rothbury Dr,Jacksonville,FL,32221,265000,3,2.0,Victoria Forest,1352,,1985,1,196,,Active,,,https://www.redfin.com/FL/Jacksonville/2111-Rothbury-Dr-32221/home/58717962,NEFLMLS,1166287,N,Y,30.280029,-81.8349238
MLS Listing,,Single Family Residential,3670 Brentwood Blvd,Jacksonville,FL,32206,155000,3,2.0,Brentwood,1094,,2007,2,142,20,Active,,,https://www.redfin.com/FL/Jacksonville/3670-Brentwood-Blvd-32206/home/58823126,NEFLMLS,1166985,N,Y,30.361844,-81.665197
MLS Listing,,Single Family Residential,8662 Monroe Ave,Jacksonville,FL,32208,199000,3,2.0,Thompsons Riverview,1024,,1941,2,194,,Active,,,https://www.redfin.com/FL/Jacksonville/8662-Monroe-Ave-32208/home/62397732,NEFLMLS,1166960,N,Y,30.3998497,-81.6798417
MLS Listing,,Single Family Residential,1144 Skye Dr East,Jacksonville,FL,32221,205000,3,2.0,Rolling Hills,1066,,1959,2,192,,Active,,,https://www.redfin.com/FL/Jacksonville/1144-Skye-Dr-E-32221/home/108886933,NEFLMLS,1166943,N,Y,30.3010686,-81.7715886
MLS Listing,,Single Family Residential,5132 Columbus Ave,Jacksonville,FL,32254,240000,4,2.0,Edgewood Estates,1117,,1951,2,215,,Active,,,https://www.redfin.com/FL/Jacksonville/5132-Columbus-Ave-32254/home/108777494,NEFLMLS,1166936,N,Y,30.3345688,-81.7339802
MLS Listing,,Single Family Residential,7780 Townsend Rd,Jacksonville,FL,32244,75000,3,2.0,SECTION LAND,1196,,1949,2,63,,Active,,,https://www.redfin.com/FL/Jacksonville/7780-Townsend-Rd-32244/home/72821111,NEFLMLS,1166934,N,Y,30.2170243,-81.7767362
MLS Listing,,Single Family Residential,7036 Swamp Flower Dr North,Jacksonville,FL,32244,298500,3,2.0,Cypress Point,1611,,1992,2,185,,Active,,,https://www.redfin.com/FL/Jacksonville/7036-Swamp-Flower-Dr-N-32244/home/108784494,NEFLMLS,1166906,N,Y,30.2035403,-81.7601371
MLS Listing,,Single Family Residential,6529 Winding Greens Dr,Jacksonville,FL,32244,349990,3,2.0,Westland Oaks,1490,,2014,2,235,22,Active,,,https://www.redfin.com/FL/Jacksonville/6529-Winding-Greens-Dr-32244/home/61476755,NEFLMLS,1166890,N,Y,30.2096057,-81.7526586
MLS Listing,,Single Family Residential,15674 Strawberry Roan Ct,Jacksonville,FL,32234,320990,3,2.0,Winchester Ridge,1655,,2021,2,194,5,Active,,,https://www.redfin.com/FL/Jacksonville/15674-Strawberry-Roan-Ct-32234/home/179307381,NEFLMLS,1166878,N,Y,30.2058596,-81.9650026
MLS Listing,,Single Family Residential,1251 Campbell Cir,Jacksonville,FL,32207,315000,3,2.0,Harbor Point Addn,2459,,1956,2,128,,Active,,,https://www.redfin.com/FL/Jacksonville/1251-Campbell-Cir-32207/home/62398677,NEFLMLS,1166867,N,Y,30.3148132,-81.6066108
MLS Listing,,Single Family Residential,5234 Benning Rd,Jacksonville,FL,32254,198900,3,2.0,Murray Hill Gardens,1010,,1948,2,197,,Active,May-8-2022 10:00 AM,May-8-2022 02:00 PM,https://www.redfin.com/FL/Jacksonville/5234-Benning-Rd-32254/home/62450081,NEFLMLS,1166869,N,Y,30.3190176,-81.7345573
MLS Listing,,Single Family Residential,1142 St Johns Bluff Rd North,Jacksonville,FL,32225,350000,3,2.5,Queen Akers,2019,,1956,2,173,,Active,,,https://www.redfin.com/FL/Jacksonville/1142-St-Johns-Bluff-Rd-N-32225/home/58717255,NEFLMLS,1166838,N,Y,30.3409369,-81.5237489
MLS Listing,,Single Family Residential,3523 Drew St,Jacksonville,FL,32207,260000,2,2.0,South Riverside,1172,,1950,2,222,,Active,,,https://www.redfin.com/FL/Jacksonville/3523-Drew-St-32207/home/58739738,NEFLMLS,1166795,N,Y,30.2891814,-81.6419619
MLS Listing,,Single Family Residential,2080 Brian Lakes Dr,Jacksonville,FL,32221,340000,4,2.0,Adams Lake,2248,,2007,2,151,33,Active,May-7-2022 12:00 PM,May-7-2022 03:00 PM,https://www.redfin.com/FL/Jacksonville/2080-Brian-Lakes-Dr-N-32221/home/108810214,NEFLMLS,1166774,N,Y,30.2751381,-81.8623464
MLS Listing,,Single Family Residential,2965 Alpin Dr,Jacksonville,FL,32218,314900,3,2.0,Victoria Preserve,1595,,2020,2,197,42,Active,May-6-2022 02:00 PM,May-6-2022 05:00 PM,https://www.redfin.com/FL/Jacksonville/2965-Alpin-Dr-32218/home/174143829,NEFLMLS,1166494,N,Y,30.4485009,-81.6970797
MLS Listing,,Single Family Residential,3511 Jacona Dr,Jacksonville,FL,32277,324900,3,2.0,Ft Caroline Club Est,1415,,1970,3,230,,Active,,,https://www.redfin.com/FL/Jacksonville/3511-Jacona-Dr-32277/home/108890459,NEFLMLS,1166759,N,Y,30.3622219,-81.5929068
MLS Listing,,Single Family Residential,7317 Roslyn Rd,Jacksonville,FL,32244,249000,3,2.0,Ortega Hills,1329,,1956,3,187,,Active,,,https://www.redfin.com/FL/Jacksonville/7317-Roslyn-Rd-32244/home/108835964,NEFLMLS,1166757,N,Y,30.2142366,-81.7076429
MLS Listing,,Single Family Residential,4476 Twin Hills Way,Jacksonville,FL,32210,259900,3,2.0,TWIN HILLS,1451,,2023,3,179,28,Active,,,https://www.redfin.com/FL/Jacksonville/4476-Twin-Hills-Way-32210/home/179301229,NEFLMLS,1166743,N,Y,30.2579289,-81.7543232
MLS Listing,,Single Family Residential,8356 Sand Point Dr East,Jacksonville,FL,32244,280000,3,2.0,Argyle/Chimney Lakes,1564,,1987,3,179,40,Active,,,https://www.redfin.com/FL/Jacksonville/8356-Sand-Point-Dr-S-32244/home/108836191,NEFLMLS,1166739,N,Y,30.1893566,-81.7909409
MLS Listing,,Single Family Residential,4624 Albermarle Ave,Jacksonville,FL,32207,299900,4,2.0,Englewood,1515,,2004,3,198,,Active,,,https://www.redfin.com/FL/Jacksonville/4624-Albermarle-Ave-32207/home/62450076,NEFLMLS,1166717,N,Y,30.2760073,-81.6222389
MLS Listing,,Single Family Residential,1949 Anniston Rd,Jacksonville,FL,32246,240000,3,2.0,Nottingham Forest,1617,,1975,3,148,,Active,,,https://www.redfin.com/FL/Jacksonville/1949-Anniston-Rd-32246/home/108799987,NEFLMLS,1166680,N,Y,30.3156216,-81.5415372
MLS Listing,,Single Family Residential,15667 Strawberry Roan Ct,Jacksonville,FL,32234,326990,4,2.0,Winchester Ridge,1778,,2021,3,184,5,Active,,,https://www.redfin.com/FL/Jacksonville/15667-Strawberry-Roan-Ct-32234/home/179297783,NEFLMLS,1166659,N,Y,30.2062333,-81.9647778
MLS Listing,,Single Family Residential,7076 Beechfern Ln South,Jacksonville,FL,32244,340000,3,2.0,Argyle Forest East Village,1677,,1979,3,203,,Active,May-7-2022 11:00 AM,May-7-2022 02:00 PM,https://www.redfin.com/FL/Jacksonville/7076-Beechfern-Ln-S-32244/home/72822424,NEFLMLS,1165062,N,Y,30.1903696,-81.7607354
MLS Listing,,Single Family Residential,9711 Waynesboro Ave,Jacksonville,FL,32208,184000,3,2.0,Sherwood Forest,925,,1961,3,199,,Active,,,https://www.redfin.com/FL/Jacksonville/9711-Waynesboro-Ave-32208/home/72726772,NEFLMLS,1166621,N,Y,30.4130208,-81.7196155
MLS Listing,,Single Family Residential,6818 Cartier Cir,Jacksonville,FL,32208,255000,3,2.0,Ribault Manor,1478,,2022,3,173,,Active,,,https://www.redfin.com/FL/Jacksonville/6818-Cartier-Cir-32208/home/108849713,NEFLMLS,1166611,N,Y,30.3932219,-81.704906
MLS Listing,,Single Family Residential,11530 Renne Dr,Jacksonville,FL,32218,245000,3,2.0,San Mateo,2028,,1962,3,121,,Active,,,https://www.redfin.com/FL/Jacksonville/11530-Renne-Dr-32218/home/62440076,NEFLMLS,1166577,N,Y,30.4460133,-81.6379493
MLS Listing,,Single Family Residential,1611 West 19th St,Jacksonville,FL,32209,175000,4,2.0,Grand Boulevard,1913,,1957,3,91,,Active,,,https://www.redfin.com/FL/Jacksonville/1611-W-19th-St-32209/home/108850873,NEFLMLS,1166558,N,Y,30.3554926,-81.6832212
MLS Listing,,Single Family Residential,10456 Keuka Dr,Jacksonville,FL,32218,229900,3,2.0,Highland,1412,,1954,3,163,,Active,,,https://www.redfin.com/FL/Jacksonville/10456-Keuka-Dr-32218/home/59220029,NEFLMLS,1165303,N,Y,30.4257028,-81.6696596
MLS Listing,,Single Family Residential,10941 Ventnor Ave,Jacksonville,FL,32218,345000,4,3.0,Osprey Landing,2006,,2019,4,172,40,Active,,,https://www.redfin.com/FL/JACKSONVILLE/10941-VENTNOR-AVE-32218/home/170222359,NEFLMLS,1166512,N,Y,30.432547,-81.732208
MLS Listing,,Single Family Residential,6806 Cartegena Ct,Jacksonville,FL,32210,196000,3,2.0,Cedar Hills Estates,1466,,1962,4,134,,Active,,,https://www.redfin.com/FL/Jacksonville/6806-Cartegena-Ct-32210/home/108819258,NEFLMLS,1162862,N,Y,30.2664371,-81.755992
MLS Listing,,Single Family Residential,2443 Mercer Cir South,Jacksonville,FL,32217,279000,3,2.0,Lakewood,1715,,1952,5,163,,Active,,,https://www.redfin.com/FL/Jacksonville/2443-Mercer-Cir-S-32217/home/108891931,NEFLMLS,1166470,N,Y,30.2563068,-81.6338829
MLS Listing,,Single Family Residential,894 Kennard St,Jacksonville,FL,32208,229900,3,2.0,Lake Forest,1408,,1949,5,163,,Active,,,https://www.redfin.com/FL/Jacksonville/894-Kennard-St-32208/home/62422028,NEFLMLS,1166458,N,Y,30.390918,-81.670173
MLS Listing,,Single Family Residential,2164 Wilberforce Rd,Jacksonville,FL,32209,99900,4,2.0,Gs Royal Terr Addn,2420,,1953,5,41,,Active,,,https://www.redfin.com/FL/Jacksonville/2164-Wilberforce-Rd-32209/home/108777811,NEFLMLS,1166105,N,Y,30.376323,-81.6975287
MLS Listing,,Single Family Residential,927 Revels Rd,Jacksonville,FL,32205,330000,3,2.0,Hyde Grove,2132,,1946,5,155,,Active,,,https://www.redfin.com/FL/Jacksonville/927-Revels-Rd-32205/home/108851477,NEFLMLS,1166441,N,Y,30.3087705,-81.7532569
MLS Listing,,Single Family Residential,7492 Countryman Ln,Jacksonville,FL,32244,315000,3,2.0,Summerhill,1499,,1989,5,210,,Active,May-7-2022 01:00 PM,May-7-2022 03:00 PM,https://www.redfin.com/FL/Jacksonville/7492-Countryman-Ln-32244/home/62456910,NEFLMLS,1165907,N,Y,30.2362103,-81.7727849
MLS Listing,,Single Family Residential,7706 Honor Ct,Jacksonville,FL,32210,320000,3,2.0,OLD GLORY WALK,1397,,2020,6,229,32,Active,,,https://www.redfin.com/FL/Jacksonville/7706-Honor-Ct-32210/home/169143051,NEFLMLS,1166373,N,Y,30.269973,-81.7773136
MLS Listing,,Single Family Residential,9119 Warwickshire Rd,Jacksonville,FL,32257,349900,3,2.0,Brierwood,1486,,1976,6,235,,Active,,,https://www.redfin.com/FL/Jacksonville/9119-Warwickshire-Rd-32257/home/72766769,NEFLMLS,1166370,N,Y,30.2145362,-81.5970645
MLS Listing,,Single Family Residential,7683 Rolling Hills Dr,Jacksonville,FL,32221,330000,3,2.0,Rolling Hills Unit 3,1557,,1962,6,212,,Active,,,https://www.redfin.com/FL/Jacksonville/7683-Rolling-Hills-Dr-32221/home/72814513,NEFLMLS,1166369,N,Y,30.3044337,-81.7747609
MLS Listing,,Single Family Residential,4125 Autrey Ave East,Jacksonville,FL,32210,261000,3,2.0,Cedar Lake Estates,1352,,1978,6,193,,Active,,,https://www.redfin.com/FL/Jacksonville/4125-Autrey-Ave-E-32210/home/72818279,NEFLMLS,1166340,N,Y,30.2619203,-81.7599449
MLS Listing,,Single Family Residential,5927 Loran Dr North,Jacksonville,FL,32216,324900,4,2.0,Loran Estates,1464,,1963,6,222,,Active,,,https://www.redfin.com/FL/Jacksonville/5927-Loran-Dr-N-32216/home/72771973,NEFLMLS,1166319,N,Y,30.2735831,-81.6046838
MLS Listing,,Single Family Residential,5248 Plymouth St,Jacksonville,FL,32205,270000,4,2.0,Hillcrest,1362,,1954,6,198,,Active,,,https://www.redfin.com/FL/Jacksonville/5248-Plymouth-St-32205/home/62432101,NEFLMLS,1166204,N,Y,30.302895,-81.736032
MLS Listing,,Single Family Residential,1140 Crystal Cir,Jacksonville,FL,32221,325000,4,2.0,Jacksonville Heights,2107,,1938,6,154,,Active,May-7-2022 10:00 AM,May-7-2022 01:00 PM,https://www.redfin.com/FL/Jacksonville/1140-Crystal-Cir-32221/home/108898015,NEFLMLS,1166159,N,Y,30.3031741,-81.8125727
MLS Listing,,Single Family Residential,8241 Newport Rd,Jacksonville,FL,32244,299000,3,2.0,Oak Hill,1685,,1968,7,177,,Active,,,https://www.redfin.com/FL/Jacksonville/8241-Newport-Rd-32244/home/62417213,NEFLMLS,1165950,N,Y,30.2428002,-81.7862955
MLS Listing,,Single Family Residential,5241 Carder St,Jacksonville,FL,32205,199900,3,2.0,Hillcrest,1428,,1954,7,140,,Active,,,https://www.redfin.com/FL/Jacksonville/5241-Carder-St-32205/home/108820508,NEFLMLS,1165930,N,Y,30.3017456,-81.7364274
MLS Listing,,Single Family Residential,1215 Alderman Rd,Jacksonville,FL,32211,350000,5,3.0,Alderman Park,2571,,1973,7,136,,Active,,,https://www.redfin.com/FL/Jacksonville/1215-Alderman-Rd-E-32211/home/72763712,NEFLMLS,1165900,N,Y,30.3348525,-81.5720033
MLS Listing,,Single Family Residential,249 Drury Ln,Jacksonville,FL,32218,332500,4,2.0,Oceanway Manor,1327,,1952,7,251,,Active,,,https://www.redfin.com/FL/Jacksonville/249-Drury-Ln-32218/home/72751631,NEFLMLS,1165484,N,Y,30.4773117,-81.6244651
MLS Listing,,Single Family Residential,610 Arlingwood Ave,Jacksonville,FL,32211,260000,3,2.0,Arlingwood,1120,,1987,8,232,,Active,,,https://www.redfin.com/FL/Jacksonville/610-Arlingwood-Ave-32211/home/62407400,NEFLMLS,1165195,N,Y,30.3268355,-81.5662624
MLS Listing,,Single Family Residential,913 Le Brun Dr,Jacksonville,FL,32205,250000,3,2.0,Normandy,1222,,1957,8,205,,Active,,,https://www.redfin.com/FL/Jacksonville/913-Le-Brun-Dr-32205/home/58748793,NEFLMLS,1165844,N,Y,30.3074676,-81.7652221
MLS Listing,,Single Family Residential,7110 Dunn Ave,Jacksonville,FL,32219,165000,3,2.0,Dinsmore,1516,,1940,8,109,,Active,,,https://www.redfin.com/FL/Jacksonville/7110-Dunn-Ave-32219/home/72811624,NEFLMLS,1165809,N,Y,30.4326299,-81.7652649
MLS Listing,,Single Family Residential,1916 University Blvd North,Jacksonville,FL,32211,294900,4,2.0,River Forest,1587,,1953,8,186,,Active,,,https://www.redfin.com/FL/Jacksonville/1916-University-Blvd-N-32211/home/108837954,NEFLMLS,1165746,N,Y,30.3405756,-81.6028638
MLS Listing,,Single Family Residential,3938 Rancho Rd,Jacksonville,FL,32221,255000,3,2.0,Metes & Bounds,1444,,1987,8,177,,Active,,,https://www.redfin.com/FL/Jacksonville/3938-Rancho-Rd-32221/home/72816989,NEFLMLS,1165689,N,Y,30.2590314,-81.8290752
MLS Listing,,Single Family Residential,3730 Anvers Blvd,Jacksonville,FL,32210,266000,3,2.0,Cedar Hills Estates,1770,,1959,9,150,,Active,,,https://www.redfin.com/FL/Jacksonville/3730-Anvers-Blvd-32210/home/72822829,NEFLMLS,1165680,N,Y,30.2677295,-81.7523594
MLS Listing,,Single Family Residential,7679 Strato Rd,Jacksonville,FL,32210,235000,3,2.0,Sunnyside Estates,1014,,1980,9,232,,Active,,,https://www.redfin.com/FL/Jacksonville/7679-Strato-Rd-N-32210/home/58714736,NEFLMLS,1165660,N,Y,30.2534185,-81.7745366
MLS Listing,,Single Family Residential,2934 Melhollin Dr,Jacksonville,FL,32216,299900,4,2.0,Loran Estates,1284,,1962,9,234,,Active,,,https://www.redfin.com/FL/Jacksonville/2934-Melhollin-Dr-32216/home/62450063,NEFLMLS,1165611,N,Y,30.2712093,-81.604641
MLS Listing,,Single Family Residential,7743 Lauderdale Dr,Jacksonville,FL,32277,294999,4,2.0,Arlington Hills,1446,,1962,8,204,,Active,,,https://www.redfin.com/FL/Jacksonville/7743-Lauderdale-Dr-N-32277/home/58720028,NEFLMLS,1165595,N,Y,30.3552511,-81.5673335
MLS Listing,,Single Family Residential,2107 Egner St,Jacksonville,FL,32206,100000,5,3.0,Jacksonville South,1000,,1924,9,100,,Active,,,https://www.redfin.com/FL/Jacksonville/2107-Egner-St-32206/home/108889139,NEFLMLS,1165589,N,Y,30.3499666,-81.6352526
MLS Listing,,Single Family Residential,1221 West 12th St,Jacksonville,FL,32209,219000,5,2.0,Durkeeville,1955,,1947,9,112,,Active,,,https://www.redfin.com/FL/Jacksonville/1221-W-12th-St-32209/home/58729689,NEFLMLS,1165525,N,Y,30.3507802,-81.6745369
MLS Listing,,Single Family Residential,8441 Maxville Park Dr,Jacksonville,FL,32234,165000,3,2.0,Maxville,1162,,1947,9,142,,Active,,,https://www.redfin.com/FL/Jacksonville/8441-Maxville-Park-Dr-32234/home/58742996,NEFLMLS,1165487,N,Y,30.1989074,-82.0088976
MLS Listing,,Single Family Residential,9903 Sunset Dr,Jacksonville,FL,32208,180000,3,2.0,Osceola Forest,1120,,1968,4,161,,Active,,,https://www.redfin.com/FL/Jacksonville/9903-Sunset-Dr-32208/home/108835406,NEFLMLS,1165449,N,Y,30.4154888,-81.7043073
MLS Listing,,Single Family Residential,504 West 66th St,Jacksonville,FL,32208,185000,3,2.0,Panama Terrace,1118,,1944,10,165,,Active,,,https://www.redfin.com/FL/Jacksonville/504-W-66th-St-32208/home/58745984,NEFLMLS,1165425,N,Y,30.386699,-81.6611663
MLS Listing,,Single Family Residential,6961 Como Rd,Jacksonville,FL,32210,135000,2,2.5,Wesconnett,1000,,1954,9,135,,Active,,,https://www.redfin.com/FL/Jacksonville/6961-Como-Rd-32210/home/108849362,NEFLMLS,1165395,N,Y,30.2512387,-81.7591116
MLS Listing,,Single Family Residential,2837 Forest Blvd,Jacksonville,FL,32246,287000,2,2.0,Southside Estates,1272,,1950,10,226,,Active,,,https://www.redfin.com/FL/Jacksonville/2837-Forest-Blvd-32246/home/80153303,NEFLMLS,1165336,N,Y,30.2938552,-81.5444944
MLS Listing,,Single Family Residential,1262 Mull St,Jacksonville,FL,32205,259500,3,2.0,Cedarhurst,1142,,2013,6,227,,Active,May-7-2022 11:00 AM,May-7-2022 02:00 PM,https://www.redfin.com/FL/Jacksonville/1262-Mull-St-32205/home/72808141,NEFLMLS,1163180,N,Y,30.300431,-81.7402211
MLS Listing,,Single Family Residential,12844 Beaubien Rd,Jacksonville,FL,32258,300000,2,2.0,Manor Del Rio,1069,,1986,11,281,,Active,,,https://www.redfin.com/FL/Jacksonville/12844-Beaubien-Rd-32258/home/62462479,NEFLMLS,1165255,N,Y,30.1349068,-81.5640773
MLS Listing,,Single Family Residential,2666 West 23rd St,Jacksonville,FL,32209,189900,3,2.0,Grand Park,1283,,1973,12,148,,Active,,,https://www.redfin.com/FL/Jacksonville/2666-W-23rd-St-32209/home/72732153,NEFLMLS,1165114,N,Y,30.3577255,-81.7088188
MLS Listing,,Single Family Residential,11083 Campus Heights Ln,Jacksonville,FL,32218,320500,3,2.0,North Campus,1877,,2010,13,171,38,Active,,,https://www.redfin.com/FL/Jacksonville/11083-Campus-Heights-Ln-32218/home/108871081,NEFLMLS,1165103,N,Y,30.4366868,-81.7143564
MLS Listing,,Single Family Residential,2033 Oakmont Dr,Jacksonville,FL,32211,350000,4,2.5,Alderman Park,2293,,1964,6,153,,Active,,,https://www.redfin.com/FL/Jacksonville/2033-Oakmont-Dr-32211/home/108796077,NEFLMLS,1162745,N,Y,30.3437455,-81.5788575
MLS Listing,,Single Family Residential,6907 Laflam Cir,Jacksonville,FL,32208,299900,5,2.0,Ribault Manor,2750,,1958,13,109,,Active,,,https://www.redfin.com/FL/Jacksonville/6907-Laflam-Cir-32208/home/72827918,NEFLMLS,1165078,N,Y,30.3973737,-81.6999024
MLS Listing,,Single Family Residential,1212 Plymouth Pl,Jacksonville,FL,32205,324900,4,3.0,Hamilton Gardens,1612,,1949,13,202,,Active,,,https://www.redfin.com/FL/Jacksonville/1212-Plymouth-Pl-32205/home/108790086,NEFLMLS,1165048,N,Y,30.302514,-81.7215395
MLS Listing,,Single Family Residential,9045 Berens St,Jacksonville,FL,32210,246000,3,2.0,Jacksonville Heights,1112,,1987,13,221,,Active,,,https://www.redfin.com/FL/Jacksonville/9045-Berens-St-32210/home/108886883,NEFLMLS,1164936,N,Y,30.2542667,-81.8044375
MLS Listing,,Single Family Residential,7781 Westport Bay Dr,Jacksonville,FL,32244,315000,4,2.0,Westport Bay,1591,,2002,14,198,13,Active,,,https://www.redfin.com/FL/Jacksonville/7781-Westport-Bay-Dr-32244/home/108871948,NEFLMLS,1164822,N,Y,30.2041593,-81.7792361
MLS Listing,,Single Family Residential,7583 John F Kennedy Dr West,Jacksonville,FL,32219,189900,3,2.0,Washington Lake Est,1284,,1972,14,148,,Active,,,https://www.redfin.com/FL/Jacksonville/7583-John-F-Kennedy-Dr-W-32219/home/72829569,NEFLMLS,1162391,N,Y,30.3909853,-81.7415034
MLS Listing,,Single Family Residential,4751 Margate Dr,Jacksonville,FL,32207,320000,3,2.0,Bowden Farms,1672,,1960,15,191,,Active,,,https://www.redfin.com/FL/Jacksonville/4751-Margate-Dr-32207/home/108883855,NEFLMLS,1164603,N,Y,30.2752272,-81.6198413
MLS Listing,,Single Family Residential,6894 Tom Thumb Dr,Jacksonville,FL,32210,319900,5,2.0,Cedar Hills Estates,1827,,1958,15,175,,Active,,,https://www.redfin.com/FL/Jacksonville/6894-Tom-Thumb-Dr-32210/home/62460029,NEFLMLS,1164545,N,Y,30.2595485,-81.7581714
MLS Listing,,Single Family Residential,11333 Princessa Ln,Jacksonville,FL,32218,270000,3,2.0,San Mateo,1506,,1963,15,179,,Active,,,https://www.redfin.com/FL/Jacksonville/11333-Princessa-Ln-32218/home/58719545,NEFLMLS,1164450,N,Y,30.4426779,-81.6277614
MLS Listing,,Single Family Residential,5990 Bucking Bronco Dr,Jacksonville,FL,32234,339990,4,2.0,Winchester Ridge,1934,,2021,1,176,5,Active,,,https://www.redfin.com/FL/Jacksonville/5990-Bucking-Bronco-Dr-32234/home/179109936,NEFLMLS,1164415,N,Y,30.2065985,-81.9644148
MLS Listing,,Single Family Residential,6948 Brandemere Rd South,Jacksonville,FL,32211,229900,4,2.0,Arlington Manor,1675,,1953,10,137,,Active,,,https://www.redfin.com/FL/Jacksonville/6948-Brandemere-Rd-S-32211/home/62443005,NEFLMLS,1164354,N,Y,30.3366269,-81.5842548
MLS Listing,,Single Family Residential,5747 Bree Rd,Jacksonville,FL,32209,182000,3,2.0,Floradale,2052,,1960,10,89,,Active,,,https://www.redfin.com/FL/Jacksonville/5747-Bree-Rd-32209/home/72829861,NEFLMLS,1164277,N,Y,30.3717495,-81.7156784
MLS Listing,,Single Family Residential,10362 Centerwood Ct,Jacksonville,FL,32218,269900,3,2.0,Creekside Bend,1526,,2005,14,177,21,Active,,,https://www.redfin.com/FL/Jacksonville/10362-Centerwood-Ct-32218/home/108870206,NEFLMLS,1164169,N,Y,30.4237911,-81.6936153
MLS Listing,,Single Family Residential,11960 Harmony Dr,Jacksonville,FL,32246,325000,5,2.0,Hogan Heights,1991,,1960,17,163,,Active,,,https://www.redfin.com/FL/Jacksonville/11960-Harmony-Dr-32246/home/108801536,NEFLMLS,1163999,N,Y,30.2923148,-81.5025045
MLS Listing,,Single Family Residential,1706 Westminister Ave,Jacksonville,FL,32210,330000,4,3.0,Hyde Grove Acres,2200,,1965,13,150,,Active,,,https://www.redfin.com/FL/Jacksonville/1706-Westminister-Ave-32210/home/108550619,NEFLMLS,1163958,N,Y,30.2884767,-81.7634702
MLS Listing,,Single Family Residential,15355 Bareback Dr,Jacksonville,FL,32234,343000,3,2.0,Winchester Ridge,1711,,2014,19,200,11,Active,,,https://www.redfin.com/FL/Jacksonville/15355-Bareback-Dr-32234/home/58716154,NEFLMLS,1163921,N,Y,30.2069703,-81.9524183
MLS Listing,,Single Family Residential,4321 Lambing Rd,Jacksonville,FL,32210,275000,3,2.0,Lambing Road Farms,4356,,1935,19,63,,Active,,,https://www.redfin.com/FL/Jacksonville/4321-Lambing-Rd-32210/home/72817197,NEFLMLS,1163887,N,Y,30.2617183,-81.7955112
MLS Listing,,Single Family Residential,2355 Ribault Scenic Dr,Jacksonville,FL,32208,305000,3,2.0,Lake Forest Hills,1437,,2004,20,212,,Active,,,https://www.redfin.com/FL/Jacksonville/2355-Ribault-Scenic-Dr-32208/home/108849796,NEFLMLS,1163856,N,Y,30.3986359,-81.695155
MLS Listing,,Single Family Residential,6675 Vermillion St,Jacksonville,FL,32208,140000,3,2.0,EDMONDSONS N SHORE GARDEN,1050,,1933,20,133,,Active,,,https://www.redfin.com/FL/Jacksonville/6675-Vermillion-St-32208/home/108786545,NEFLMLS,1163823,N,Y,30.3822616,-81.6585347
MLS Listing,,Single Family Residential,12391 Cadley Cir,Jacksonville,FL,32219,349900,4,2.0,Villages Of Westport,1840,,2006,19,190,6,Active,,,https://www.redfin.com/FL/Jacksonville/12391-Cadley-Cir-32219/home/108896978,NEFLMLS,1163752,N,Y,30.4530989,-81.7610345
MLS Listing,,Single Family Residential,5826 Tempest St,Jacksonville,FL,32244,199900,3,2.0,Oak Hill,1336,,1963,20,150,,Active,,,https://www.redfin.com/FL/Jacksonville/5826-Tempest-St-32244/home/72745935,NEFLMLS,1163735,N,Y,30.2423333,-81.7758397
MLS Listing,,Single Family Residential,3506 Whalers Way,Jacksonville,FL,32257,320000,4,2.0,Anchorage,1665,,1978,20,192,,Active,,,https://www.redfin.com/FL/Jacksonville/3506-Whalers-Way-32257/home/72773080,NEFLMLS,1163717,N,Y,30.1855159,-81.6200982
MLS Listing,,Single Family Residential,4130 Broad Creek Ln,Jacksonville,FL,32218,290000,3,2.0,Cambridge Estates,1996,,2003,20,145,27,Active,,,https://www.redfin.com/FL/Jacksonville/4130-Broad-Creek-Ln-32218/home/72800325,NEFLMLS,1163367,N,Y,30.422601,-81.7219671
MLS Listing,,Single Family Residential,4351 Lake Woodbourne Dr,Jacksonville,FL,32217,269000,2,2.0,Lake Woodbourne,1751,,1987,21,154,17,Active,,,https://www.redfin.com/FL/Jacksonville/4351-Lake-Woodbourne-Dr-32217/home/72765662,NEFLMLS,1163601,N,Y,30.2300958,-81.6040415
MLS Listing,,Single Family Residential,6134 Transylvania Ave,Jacksonville,FL,32210,195000,3,2.0,Hyde Grove,943,,1944,21,207,,Active,,,https://www.redfin.com/FL/Jacksonville/6134-Transylvania-Ave-32210/home/108790345,NEFLMLS,1163584,N,Y,30.2491416,-81.7421873
MLS Listing,,Single Family Residential,5151 Witby Ave,Jacksonville,FL,32210,269000,3,2.0,Oak Hill,1381,,1957,21,195,,Active,,,https://www.redfin.com/FL/Jacksonville/5151-Witby-Ave-32210/home/108880618,NEFLMLS,1163513,N,Y,30.2504366,-81.7506499
MLS Listing,,Single Family Residential,5005 Romilly Dr,Jacksonville,FL,32210,279900,4,3.0,Oak Hill Terrace,2434,,1960,11,115,,Active,,,https://www.redfin.com/FL/Jacksonville/5005-E-Romilly-Dr-32210/home/58717845,NEFLMLS,1163457,N,Y,30.2514895,-81.7453502
MLS Listing,,Single Family Residential,10809 Bahia Dr,Jacksonville,FL,32246,275000,3,2.0,Sandalwood,1274,,1983,22,216,,Active,,,https://www.redfin.com/FL/Jacksonville/10809-Bahia-Dr-32246/home/108833717,NEFLMLS,1163306,N,Y,30.3204659,-81.520405
MLS Listing,,Single Family Residential,11718 Marina Dr,Jacksonville,FL,32246,349900,4,2.0,Beachwood,1680,,1960,13,208,,Active,,,https://www.redfin.com/FL/Jacksonville/11718-Marina-Dr-32246/home/72784862,NEFLMLS,1163271,N,Y,30.2908241,-81.5156892
MLS Listing,,Single Family Residential,7140 Yowdy Star Ln,Jacksonville,FL,32244,220000,3,2.5,English Estates,1440,,2006,11,153,,Active,,,https://www.redfin.com/FL/Jacksonville/7140-Yowdy-Star-Ln-32244/home/108841474,NEFLMLS,1163265,N,Y,30.243911,-81.7642821
MLS Listing,,Single Family Residential,6538 Terry Rd,Jacksonville,FL,32216,290000,4,2.0,Sans Souci Estates,1548,,1959,22,187,,Active,,,https://www.redfin.com/FL/Jacksonville/6538-Terry-Rd-32216/home/72762047,NEFLMLS,1163251,N,Y,30.2769926,-81.5942237
MLS Listing,,Single Family Residential,5255 Camille Ave,Jacksonville,FL,32210,299000,4,2.0,Lake Shore Terrace,1419,,1951,22,211,,Active,,,https://www.redfin.com/FL/Jacksonville/5255-Camille-Ave-32210/home/72737794,NEFLMLS,1162578,N,Y,30.2866912,-81.7359038
MLS Listing,,Single Family Residential,3510 Bougainvillea St,Jacksonville,FL,32254,230000,5,5.0,Biltmore,1864,,1950,17,123,,Active,,,https://www.redfin.com/FL/Jacksonville/3510-Bougainvillea-St-32254/home/108789130,NEFLMLS,1163211,N,Y,30.3493906,-81.7296839
MLS Listing,,Single Family Residential,1152 West 26th St,Jacksonville,FL,32209,130000,3,2.0,Speedway Park,1859,,1940,12,70,,Active,,,https://www.redfin.com/FL/Jacksonville/1152-W-26th-St-32209/home/72741660,NEFLMLS,1163032,N,Y,30.3600336,-81.6723934
MLS Listing,,Single Family Residential,2130 Tegner Dr,Jacksonville,FL,32210,170000,3,2.0,Cedar Hills,1505,,1955,17,113,,Active,,,https://www.redfin.com/FL/Jacksonville/2130-Tegner-Dr-32210/home/72749772,NEFLMLS,1163011,N,Y,30.2775758,-81.7467179
MLS Listing,,Single Family Residential,1610 West 20th St,Jacksonville,FL,32209,175000,3,2.0,Grand Boulevard,1188,,1962,24,147,,Active,,,https://www.redfin.com/FL/Jacksonville/1610-W-20th-St-32209/home/58713990,NEFLMLS,1162935,N,Y,30.3557703,-81.6832692
MLS Listing,,Single Family Residential,6414 Tiny Tim Ln,Jacksonville,FL,32210,189000,3,2.0,Cedar Hills Estates,1150,,1960,24,164,,Active,,,https://www.redfin.com/FL/Jacksonville/6414-Tiny-Tim-Ln-32210/home/62431155,NEFLMLS,1162802,N,Y,30.2805027,-81.7484275
MLS Listing,,Single Family Residential,2512 Ligustrum Rd,JACKSONVILLE,FL,32211,329000,4,2.0,ARLINGTON HILLS 03,1752,9600,1955,25,188,,Active,,,https://www.redfin.com/FL/Jacksonville/2512-Ligustrum-Rd-32211/home/108859512,Stellar MLS,O6017058,N,Y,30.3490987,-81.5876814
MLS Listing,,Single Family Residential,4816 Vermont Rd,Jacksonville,FL,32209,165000,3,2.0,Lincoln Estates,1176,,1960,25,140,,Active,,,https://www.redfin.com/FL/Jacksonville/4816-Vermont-Rd-32209/home/62400483,NEFLMLS,1162762,N,Y,30.3846987,-81.7227367
MLS Listing,,Single Family Residential,2116 Bourget Dr,Jacksonville,FL,32210,220000,4,2.0,Normandy Village,1212,,1959,25,182,,Active,,,https://www.redfin.com/FL/Jacksonville/2116-Bourget-Dr-32210/home/62423777,NEFLMLS,1162756,N,Y,30.2798822,-81.7865198
MLS Listing,,Single Family Residential,7664 Tree Top Cir South,Jacksonville,FL,32244,327000,4,2.0,Tree Top Estates,1968,,1992,26,166,,Active,,,https://www.redfin.com/FL/Jacksonville/7664-Tree-Top-Cir-S-32244/home/108776757,NEFLMLS,1162680,N,Y,30.2340976,-81.7740666
MLS Listing,,Single Family Residential,3789 Lauren Crest Ct,Jacksonville,FL,32221,280900,3,2.0,Lauren Oaks,1297,,2004,17,217,,Active,,,https://www.redfin.com/FL/Jacksonville/3789-Lauren-Crest-Ct-32221/home/108885890,NEFLMLS,1162623,N,Y,30.2643095,-81.8455099
MLS Listing,,Single Family Residential,8713 Huntington Woods Cir North,Jacksonville,FL,32244,299900,3,,Huntington Woods,1590,,1989,24,189,,Active,,,https://www.redfin.com/FL/Jacksonville/8713-Huntington-Woods-Cir-N-32244/home/108834279,NEFLMLS,1162620,N,Y,30.2227123,-81.7946015
MLS Listing,,Single Family Residential,2181 West 17th St,Jacksonville,FL,32209,173000,3,2.0,Grand Park,1018,,1950,25,170,,Active,,,https://www.redfin.com/FL/Jacksonville/2181-W-17th-St-32209/home/72731257,NEFLMLS,1162492,N,Y,30.3540866,-81.6969514
MLS Listing,,Single Family Residential,2576 Spring Lake Rd,Jacksonville,FL,32210,275000,3,2.0,Spring Lake,1068,,1983,18,257,,Active,May-7-2022 10:00 AM,May-7-2022 12:00 PM,https://www.redfin.com/FL/Jacksonville/2576-Spring-Lake-Rd-32210/home/108818960,NEFLMLS,1162344,N,Y,30.2713956,-81.7876625
MLS Listing,,Single Family Residential,7213 Dostie Dr East,Jacksonville,FL,32209,189000,4,2.0,Washington Estates,1536,,1965,25,123,,Active,,,https://www.redfin.com/FL/Jacksonville/7213-Dostie-Dr-E-32209/home/62409784,NEFLMLS,1162299,N,Y,30.3862528,-81.7294381
MLS Listing,,Single Family Residential,5786 Carver Cir,Jacksonville,FL,32208,165000,3,2.0,Carver Heights,1138,,2007,29,145,,Active,,,https://www.redfin.com/FL/Jacksonville/5786-Carver-Cir-32208/home/62426952,NEFLMLS,1162121,N,Y,30.3754779,-81.6893488
MLS Listing,,Single Family Residential,6269 Dickens Dr,Jacksonville,FL,32244,318000,3,2.0,English Estates,1621,,1979,25,196,,Active,,,https://www.redfin.com/FL/Jacksonville/6269-Dickens-Dr-32244/home/72820209,NEFLMLS,1162063,N,Y,30.2355304,-81.7827749
MLS Listing,,Single Family Residential,4635 Clinton Ave,Jacksonville,FL,32207,254900,3,2.0,Englewood,1125,,1971,29,227,,Active,,,https://www.redfin.com/FL/Jacksonville/4635-Clinton-Ave-32207/home/72758410,NEFLMLS,1162056,N,Y,30.2815946,-81.6214682
MLS Listing,,Single Family Residential,2454 Ormsby Cir West,Jacksonville,FL,32210,275900,4,2.5,Cedar Shores,1753,,1954,29,157,,Active,,,https://www.redfin.com/FL/Jacksonville/2454-Ormsby-Cir-W-32210/home/72749949,NEFLMLS,1162044,N,Y,30.2731319,-81.7379984
MLS Listing,,Single Family Residential,6543 Blackwood Dr,Jacksonville,FL,32277,295000,3,2.0,Lake Lucina,1429,,1958,29,206,,Active,,,https://www.redfin.com/FL/Jacksonville/6543-Blackwood-Dr-32277/home/62447665,NEFLMLS,1162008,N,Y,30.3543125,-81.5881098
MLS Listing,,Single Family Residential,1512 Van Buren St,Jacksonville,FL,32206,175000,4,2.0,Campbell Addn To Jax,2096,,1904,29,83,,Active,,,https://www.redfin.com/FL/Jacksonville/1512-Van-Buren-St-32206/home/72755357,NEFLMLS,1161848,N,Y,30.3422608,-81.641523
MLS Listing,,Single Family Residential,6878 Tom Thumb Dr,Jacksonville,FL,32210,220000,3,2.0,Cedar Hills Estates,1749,,1958,23,126,,Active,,,https://www.redfin.com/FL/Jacksonville/6878-Tom-Thumb-Dr-32210/home/108880615,NEFLMLS,1161766,N,Y,30.2595637,-81.7577014
MLS Listing,,Single Family Residential,2925 Bethel Ct,Jacksonville,FL,32207,260000,3,2.5,SECTION LAND,1896,,1959,24,137,,Active,,,https://www.redfin.com/FL/Jacksonville/2925-Bethel-Ct-32207/home/72758140,NEFLMLS,1161629,N,Y,30.2993058,-81.6374784
MLS Listing,,Single Family Residential,560 Spring Forest Ave,Jacksonville,FL,32216,298000,4,2.0,Glynlea Park,1368,,1950,31,218,,Active,,,https://www.redfin.com/FL/Jacksonville/560-Spring-Forest-Ave-32216/home/62465135,NEFLMLS,1161576,N,Y,30.3052705,-81.5945342
MLS Listing,,Single Family Residential,5555 Enchanted Dr,Jacksonville,FL,32244,270500,4,2.0,Oak Hill Manor,1840,,1962,28,147,,Active,,,https://www.redfin.com/FL/Jacksonville/5555-Enchanted-Dr-32244/home/108887178,NEFLMLS,1161479,N,Y,30.2462265,-81.7690677
MLS Listing,,Single Family Residential,1242 Kennard St,Jacksonville,FL,32208,189000,3,2.0,Cauthens,1306,,1963,34,145,,Active,,,https://www.redfin.com/FL/Jacksonville/1242-Kennard-St-32208/home/108785787,NEFLMLS,1161251,N,Y,30.3883447,-81.6760771
MLS Listing,,Single Family Residential,5102 Lambing Rd,Jacksonville,FL,32210,190000,3,2.0,Lambing Road Farms,1516,,1941,8,125,,Active,,,https://www.redfin.com/FL/Jacksonville/5102-Lambing-Rd-32210/home/104483688,NEFLMLS,1160643,N,Y,30.2500773,-81.7965149
MLS Listing,,Single Family Residential,1253 Ribault River Dr,Jacksonville,FL,32208,279990,4,3.0,Sibbald Grant,2840,,1954,35,99,,Active,,,https://www.redfin.com/FL/Jacksonville/1253-Ribault-River-Dr-32208/home/58740727,NEFLMLS,1161057,N,Y,30.3944454,-81.6806117
MLS Listing,,Single Family Residential,932 Lafayette Dr,Jacksonville,FL,32254,350000,3,2.0,Metes & Bounds,1906,,1959,35,184,,Active,,,https://www.redfin.com/FL/Jacksonville/932-Lafayette-Dr-32254/home/72735842,NEFLMLS,1160905,N,Y,30.3351709,-81.739605
MLS Listing,,Single Family Residential,2752 Hamilton Cir,Jacksonville,FL,32209,254990,4,2.5,Vernon Acres,3340,,1961,31,76,,Active,,,https://www.redfin.com/FL/Jacksonville/2752-Hamilton-Cir-32209/home/72828597,NEFLMLS,1160811,N,Y,30.3665404,-81.7092679
MLS Listing,,Single Family Residential,2009 Bergerac Dr,Jacksonville,FL,32210,252000,3,2.0,Normandy Village,1576,,1960,36,160,,Active,,,https://www.redfin.com/FL/Jacksonville/2009-Bergerac-Dr-32210/home/72815712,NEFLMLS,1160772,N,Y,30.2828948,-81.7851442
MLS Listing,,Single Family Residential,7428 Rentz Ct,Jacksonville,FL,32211,240000,4,2.0,Arlingwood,1456,,1959,22,165,,Active,,,https://www.redfin.com/FL/Jacksonville/7428-Rentz-Ct-32211/home/58743056,NEFLMLS,1160686,N,Y,30.3495226,-81.5727744
MLS Listing,,Single Family Residential,1964 New Berlin Rd,Jacksonville,FL,32218,265000,3,2.0,Broward Grant,1247,,1958,37,213,,Active,,,https://www.redfin.com/FL/Jacksonville/1964-New-Berlin-Rd-32218/home/108821918,NEFLMLS,1160625,N,Y,30.4669644,-81.5997591
MLS Listing,,Single Family Residential,1602 East 11th St,Jacksonville,FL,32206,163000,3,2.0,East Springfield,1084,,1954,27,150,,Active,,,https://www.redfin.com/FL/Jacksonville/1602-E-11th-St-32206/home/108836508,NEFLMLS,1160580,N,Y,30.3495603,-81.6337972
MLS Listing,,Single Family Residential,1571 7th St West,Jacksonville,FL,32209,135000,3,2.5,Trout River,2022,,1924,28,67,,Active,,,https://www.redfin.com/FL/Jacksonville/1571-7th-St-W-32209/home/72733797,NEFLMLS,1160435,N,Y,30.3457871,-81.6816001
MLS Listing,,Single Family Residential,5859 Josephine Mosley Rd,Jacksonville,FL,32234,305000,3,2.0,Maxville,1421,,1960,12,215,,Active,,,https://www.redfin.com/FL/Jacksonville/5859-Josephine-Mosley-Rd-32234/home/72719143,NEFLMLS,1160119,N,Y,30.1054729,-81.9838842
MLS Listing,,Single Family Residential,4518 Royal Ave,Jacksonville,FL,32205,349900,3,2.0,Murray Hill Heights,1355,,1942,36,258,,Active,,,https://www.redfin.com/FL/Jacksonville/4518-Royal-Ave-32205/home/62417450,NEFLMLS,1160112,N,Y,30.3149892,-81.7228649
MLS Listing,,Single Family Residential,11672 Sands Ave,Jacksonville,FL,32246,290000,3,2.0,Beachwood Village,1204,,1961,14,241,,Active,,,https://www.redfin.com/FL/Jacksonville/11672-Sands-Ave-32246/home/62436628,NEFLMLS,1160097,N,Y,30.2909747,-81.5173183
MLS Listing,,Single Family Residential,6976 Jack Horner Ln,Jacksonville,FL,32210,236000,3,2.0,Cedar Hills Estates,1095,,1961,41,216,,Active,,,https://www.redfin.com/FL/Jacksonville/6976-Jack-Horner-Ln-32210/home/108784815,NEFLMLS,1160055,N,Y,30.2761184,-81.7612055
MLS Listing,,Single Family Residential,7387 North High Bluff Rd,Jacksonville,FL,32244,309900,3,2.0,Overland Park,1614,,2003,41,192,20,Active,,,https://www.redfin.com/FL/Jacksonville/7387-High-Bluff-Rd-N-32244/home/58751955,NEFLMLS,1159924,N,Y,30.2192989,-81.7679568
MLS Listing,,Single Family Residential,2424 Spirea St,Jacksonville,FL,32209,160000,4,2.0,Magnolia Gardens,1931,,1956,30,83,,Active,,,https://www.redfin.com/FL/Jacksonville/2424-Spirea-St-32209/home/72828280,NEFLMLS,1159831,N,Y,30.380304,-81.7021262
MLS Listing,,Single Family Residential,1219 St Clair St,Jacksonville,FL,32254,160000,3,2.0,Caldwell Terrace,1070,,1947,44,150,,Active,,,https://www.redfin.com/FL/Jacksonville/1219-St-Clair-St-32254/home/106125233,NEFLMLS,1159363,N,Y,30.3414972,-81.7157567
MLS Listing,,Single Family Residential,145 Janelle Ln,Jacksonville,FL,32211,349000,3,2.0,Riverwood Park,1708,,1949,44,204,,Active,,,https://www.redfin.com/FL/Jacksonville/145-Janelle-Ln-32211/home/58732173,NEFLMLS,1159329,N,Y,30.3211856,-81.6069533
MLS Listing,,Single Family Residential,270 Turtle Dove Dr,Orange Park,FL,32073,336000,3,2.0,Olde Sutton Oaks,1431,,1999,45,235,13,Active,,,https://www.redfin.com/FL/Orange-Park/270-Turtle-Dove-Dr-32073/home/108731057,NEFLMLS,1159269,N,Y,30.1874919,-81.7861994
MLS Listing,,Single Family Residential,5715 Wiltshire St,Jacksonville,FL,32211,348800,6,4.0,Jacquelines,2683,,1953,45,130,,Active,,,https://www.redfin.com/FL/Jacksonville/5715-Wiltshire-St-32211/home/62428998,NEFLMLS,1159249,N,Y,30.3388182,-81.6009153
MLS Listing,,Single Family Residential,3686 Smithfield St,Jacksonville,FL,32217,300000,3,2.0,Bowden Park,1488,,1962,39,202,,Active,,,https://www.redfin.com/FL/Jacksonville/3686-Smithfield-St-32217/home/108863422,NEFLMLS,1158982,N,Y,30.258346,-81.6224101
MLS Listing,,Single Family Residential,5072 French St,Jacksonville,FL,32205,298000,3,2.0,Roosevelt Gardens,1434,,1949,48,208,,Active,,,https://www.redfin.com/FL/Jacksonville/5072-French-St-32205/home/72736142,NEFLMLS,1158951,N,Y,30.310579,-81.7330397
MLS Listing,,Single Family Residential,6348 Gilchrist Rd,Jacksonville,FL,32219,189900,4,2.0,Carter Donation,1216,,1959,49,156,,Active,,,https://www.redfin.com/FL/Jacksonville/6348-Gilchrist-Rd-32219/home/58713850,NEFLMLS,1158814,N,Y,30.403597,-81.7465129
MLS Listing,,Single Family Residential,1845 Daytona Ln North,Jacksonville,FL,32218,325000,3,2.0,Biscayne Estates Eas,1728,,1993,37,188,14,Active,,,https://www.redfin.com/FL/Jacksonville/1845-Daytona-Ln-N-32218/home/72730342,NEFLMLS,1158663,N,Y,30.4422141,-81.6741947
MLS Listing,,Single Family Residential,1717 Mc Quade St,Jacksonville,FL,32209,129900,5,2.0,Springfield,1820,,1950,47,71,,Active,,,https://www.redfin.com/FL/Jacksonville/1717-Mc-Quade-St-32209/home/108835716,NEFLMLS,1158507,N,Y,30.3391248,-81.6874132
MLS Listing,,Single Family Residential,1811 Bartram Cir East,Jacksonville,FL,32207,331000,3,2.0,Arlington River Hill,1738,,1947,51,190,,Active,,,https://www.redfin.com/FL/Jacksonville/1811-Bartram-Cir-E-32207/home/62456463,NEFLMLS,1158377,N,Y,30.3107576,-81.6005728
MLS Listing,,Single Family Residential,8168 Oregon St,Jacksonville,FL,32220,349000,4,2.5,Marietta,2677,,1973,47,130,,Active,,,https://www.redfin.com/FL/Jacksonville/8168-Oregon-St-32220/home/108898214,NEFLMLS,1156858,N,Y,30.3280581,-81.7856654
MLS Listing,,Single Family Residential,2320 Edgewood Ave West,Jacksonville,FL,32209,260000,3,2.0,Kinnons Cottage Grove,1379,,1953,56,189,,Active,,,https://www.redfin.com/FL/Jacksonville/2320-Edgewood-Ave-W-32209/home/58714202,NEFLMLS,1157719,N,Y,30.3785449,-81.6997741
MLS Listing,,Single Family Residential,1672 Jenkins Rd,Jacksonville,FL,32208,213000,4,2.0,Rowe Park,1515,,1973,56,141,,Active,,,https://www.redfin.com/FL/Jacksonville/1672-Jenkins-Rd-32208/home/108850555,NEFLMLS,1157695,N,Y,30.3853759,-81.6827934
MLS Listing,,Single Family Residential,3233 Harbison St,Jacksonville,FL,32218,325000,2,2.0,Garden City,1539,,1968,57,211,,Active,,,https://www.redfin.com/FL/Jacksonville/3233-Harbison-St-32218/home/178545042,NEFLMLS,1157498,N,Y,30.4454985,-81.7025539
MLS Listing,,Single Family Residential,12220 Bayonne St,Jacksonville,FL,32224,220000,3,2.0,Sans Pareil,1008,,1986,42,218,,Active,,,https://www.redfin.com/FL/Jacksonville/12220-Bayonne-St-32224/home/62404447,NEFLMLS,1157415,N,Y,30.2805014,-81.4958792
MLS Listing,,Single Family Residential,1607 Logan St,Jacksonville,FL,32209,215000,4,2.0,Smiths Allotment,1232,,1909,52,175,,Active,,,https://www.redfin.com/FL/Jacksonville/1607-Logan-St-32209/home/72739474,NEFLMLS,1157410,N,Y,30.3370562,-81.6828946
MLS Listing,,Single Family Residential,2101 Prospect St East,Jacksonville,FL,32254,180000,3,2.0,Allandale,1272,,1950,57,142,,Active,,,https://www.redfin.com/FL/Jacksonville/2101-Prospect-St-E-32254/home/62439599,NEFLMLS,1157268,N,Y,30.349383,-81.7200431
MLS Listing,,Single Family Residential,2386 Dolphin Ave,Jacksonville,FL,32218,237000,4,2.0,Highlands,1490,,1959,51,159,,Active,,,https://www.redfin.com/FL/Jacksonville/2386-Dolphin-Ave-32218/home/62412148,NEFLMLS,1157203,N,Y,30.4253817,-81.6835206
MLS Listing,,Single Family Residential,8232 Frost St North,Jacksonville,FL,32221,259000,3,2.0,Heritage South,1483,,1972,52,175,,Active,,,https://www.redfin.com/FL/Jacksonville/8232-Frost-St-N-32221/home/108818632,NEFLMLS,1157126,N,Y,30.3085416,-81.7865411
MLS Listing,,Single Family Residential,11712 Jocelyn Rd,Jacksonville,FL,32225,348000,3,2.0,Beacon Hills Harbor,1350,,1962,61,258,,Active,,,https://www.redfin.com/FL/Jacksonville/11712-Jocelyn-Rd-32225/home/62418290,NEFLMLS,1156910,N,Y,30.3800299,-81.507993
MLS Listing,,Single Family Residential,8140 Coralberry Ln,Jacksonville,FL,32244,236000,2,2.0,Argyle Forest East Village,1168,,1983,61,202,,Active,,,https://www.redfin.com/FL/Jacksonville/8140-Coralberry-Ln-W-32244/home/72822719,NEFLMLS,1156884,N,Y,30.1991829,-81.759197
MLS Listing,,Single Family Residential,1364 Evergreen Ave,Jacksonville,FL,32206,199000,4,2.0,02019 Campbells Addn To Ja,,,1907,62,,,Active,,,https://www.redfin.com/FL/Jacksonville/1364-Evergreen-Ave-32206/home/72755289,MARMLS,A11169213,N,Y,30.3397522,-81.6432935
MLS Listing,,Single Family Residential,7324 Greenway Dr,Jacksonville,FL,32244,256000,3,2.0,Ortega Hills,1446,,1955,52,177,,Active,,,https://www.redfin.com/FL/Jacksonville/7324-Greenway-Dr-32244/unit-600/home/58726283,NEFLMLS,1156698,N,Y,30.2154696,-81.7080277
MLS Listing,,Single Family Residential,7432 La Ventura Dr South,Jacksonville,FL,32210,245000,4,2.0,English Estates,1254,,1984,62,195,,Active,,,https://www.redfin.com/FL/Jacksonville/7432-La-Ventura-Dr-E-32210/home/72133993,NEFLMLS,1156694,N,Y,30.249127,-81.7697002
MLS Listing,,Single Family Residential,15254 Landmark Cir South,Jacksonville,FL,32226,349990,3,2.0,The Cape,1554,,1985,7,225,3,Active,,,https://www.redfin.com/FL/Jacksonville/15254-Landmark-Cir-S-32226/home/108837941,NEFLMLS,1154867,N,Y,30.5156038,-81.5742738
MLS Listing,,Single Family Residential,3470 Drum St,Jacksonville,FL,32207,274900,3,2.0,Rodney,1444,,1952,59,190,,Active,,,https://www.redfin.com/FL/Jacksonville/3470-Drum-St-32207/home/108899124,NEFLMLS,1155714,N,Y,30.2888124,-81.6293881
MLS Listing,,Single Family Residential,2170 Spring Park Rd,Jacksonville,FL,32207,275000,3,2.0,Waltons Addn,1391,,1952,70,198,,Active,,,https://www.redfin.com/FL/Jacksonville/2170-Spring-Park-Rd-32207/home/108836417,NEFLMLS,1155262,N,Y,30.3029543,-81.6350814
MLS Listing,,Single Family Residential,5635 Atlee Ave,Jacksonville,FL,32205,240000,5,2.0,Buenos Aires,1694,,1973,57,142,,Active,,,https://www.redfin.com/FL/Jacksonville/5635-Atlee-Ave-32205/home/72735821,NEFLMLS,1155187,N,Y,30.3129087,-81.7444099
MLS Listing,,Single Family Residential,7781 Lenox Ave,Jacksonville,FL,32221,248000,4,2.0,Lackawanna,1452,,1930,71,171,,Active,,,https://www.redfin.com/FL/Jacksonville/7781-Lenox-Ave-32221/home/108818720,NEFLMLS,1154993,N,Y,30.3005548,-81.7769291
MLS Listing,,Single Family Residential,1546 West 36th St,Jacksonville,FL,32209,198000,6,2.0,R Hutchinson Grant,1456,,1926,45,136,,Active,,,https://www.redfin.com/FL/Jacksonville/1546-W-36th-St-32209/home/62443013,NEFLMLS,1154777,N,Y,30.3667988,-81.681724
MLS Listing,,Single Family Residential,8165 Newport Rd,Jacksonville,FL,32244,265000,4,2.0,Oak Hill,1830,,1968,60,145,,Active,,,https://www.redfin.com/FL/Jacksonville/8165-Newport-Rd-32244/home/72746074,NEFLMLS,1154714,N,Y,30.2423497,-81.7850033
MLS Listing,,Single Family Residential,12170 Cap Ferrat St,Jacksonville,FL,32224,289000,3,2.0,Sans Pareil,1000,,1990,68,289,,Active,,,https://www.redfin.com/FL/Jacksonville/12170-Cap-Ferrat-St-32224/home/108865824,NEFLMLS,1154071,N,Y,30.2839535,-81.496694
MLS Listing,,Single Family Residential,2591 Hiland St,Jacksonville,FL,32204,229900,4,2.0,Frazees N Riverside,1306,,1938,40,176,,Active,,,https://www.redfin.com/FL/Jacksonville/2591-Hiland-St-32204/home/72734644,NEFLMLS,1154668,N,Y,30.3256637,-81.6937436
MLS Listing,,Single Family Residential,929 Millard Ct West,Jacksonville,FL,32225,294000,3,2.0,Queen Akers,1528,,1962,20,192,,Active,,,https://www.redfin.com/FL/Jacksonville/929-Millard-Ct-W-32225/home/62436343,NEFLMLS,1154630,N,Y,30.3368985,-81.5269639
MLS Listing,,Single Family Residential,4669 Williamsburg Ave,Jacksonville,FL,32208,173400,3,2.0,Osceola Forest,1294,,1954,72,134,,Active,,,https://www.redfin.com/FL/Jacksonville/4669-Williamsburg-Ave-32208/home/108255287,NEFLMLS,1154169,N,Y,30.4053896,-81.7205134
MLS Listing,,Single Family Residential,3717 Freeman Rd,Jacksonville,FL,32207,249000,4,2.0,Pine Forest Heights,1360,,1951,72,183,,Active,,,https://www.redfin.com/FL/Jacksonville/3717-Freeman-Rd-32207/home/108889526,NEFLMLS,1153762,N,Y,30.2854588,-81.6391905
MLS Listing,,Single Family Residential,12787 Attrill Rd,Jacksonville,FL,32258,327000,3,2.0,Manor Del Rio,1378,,1980,26,237,,Active,,,https://www.redfin.com/FL/Jacksonville/12787-Attrill-Rd-32258/home/72776680,NEFLMLS,1153541,N,Y,30.1365539,-81.5625348
MLS Listing,,Single Family Residential,3807 Ernjo Rd,Jacksonville,FL,32209,250000,3,2.0,Moncrief Gardens,1369,,1967,86,183,,Active,,,https://www.redfin.com/FL/Jacksonville/3807-Ernjo-Rd-32209/home/72828197,NEFLMLS,1152994,N,Y,30.3849237,-81.7104438
MLS Listing,,Single Family Residential,1056 Fairwood Ln South,Jacksonville,FL,32205,229000,3,2.0,Murray Hill,1288,,1941,79,178,,Active,,,https://www.redfin.com/FL/Jacksonville/1056-Fairwood-Ln-S-32205/home/108851085,NEFLMLS,1152886,N,Y,30.3117245,-81.7080705
MLS Listing,,Single Family Residential,1449 Aletha Dr,JACKSONVILLE,FL,32211,220000,6,2.0,ROYAL OAKS,2282,24087,1969,15,96,,Active,,,https://www.redfin.com/FL/Jacksonville/1449-Aletha-Dr-32211/home/108815123,Stellar MLS,O6001786,N,Y,30.3388866,-81.5817268
MLS Listing,,Single Family Residential,1710 Carter Landing Blvd,Jacksonville,FL,32221,302990,3,2.0,CARTER LANDING,1342,,2021,22,226,30,Active,,,https://www.redfin.com/FL/Jacksonville/1710-Carter-Landing-Blvd-32221/home/178221123,NEFLMLS,1152213,N,Y,30.2853719,-81.8184926
MLS Listing,,Single Family Residential,737 Moravon Ave,Jacksonville,FL,32211,292000,3,2.0,Arlingwood,1621,,1955,77,180,,Active,,,https://www.redfin.com/FL/Jacksonville/737-Moravon-Ave-32211/home/60469492,NEFLMLS,1152018,N,Y,30.3274101,-81.5633918
MLS Listing,,Single Family Residential,6250 Pettiford Dr East,Jacksonville,FL,32209,179000,4,2.0,Floradale,1338,,1961,97,134,,Active,,,https://www.redfin.com/FL/Jacksonville/6250-Pettiford-Dr-W-32209/home/72829694,NEFLMLS,1151292,N,Y,30.3781697,-81.7205989
MLS Listing,,Single Family Residential,318 Trout River Dr,Jacksonville,FL,32208,339000,3,2.5,Panama Park,2298,,1947,93,148,,Active,,,https://www.redfin.com/FL/Jacksonville/318-Trout-River-Dr-32208/home/72830828,NEFLMLS,1151087,N,Y,30.3904,-81.6448741
MLS Listing,,Single Family Residential,961 Ardmore St,Jacksonville,FL,32208,195000,4,2.0,Meadows At St Johns,1485,,1929,71,131,,Active,,,https://www.redfin.com/FL/Jacksonville/961-Ardmore-St-32208/home/74434086,NEFLMLS,1150642,N,Y,30.3798487,-81.6718416
MLS Listing,,Single Family Residential,7163 Mark St,Jacksonville,FL,32210,260000,5,4.0,Sweetwater Park,2217,,1962,80,117,,Active,,,https://www.redfin.com/FL/Jacksonville/7163-Mark-St-32210/home/72816506,NEFLMLS,1150287,N,Y,30.2676774,-81.7635984
MLS Listing,,Single Family Residential,1403 West 33rd St,Jacksonville,FL,32209,145000,3,2.0,Moncrief Heights,1232,,1958,64,118,,Active,,,https://www.redfin.com/FL/Jacksonville/1403-W-33rd-St-32209/home/108255243,NEFLMLS,1145733,N,Y,30.3651544,-81.6780236
MLS Listing,,Single Family Residential,7843 Lenox,Jacksonville,FL,32221,219000,3,2.0,Lackawanna,1581,,1928,27,139,,Active,,,https://www.redfin.com/FL/Jacksonville/7843-Lenox-Ave-32221/home/108783330,NEFLMLS,1143922,N,Y,30.3000621,-81.7782259
MLS Listing,,Single Family Residential,9320 Garden St,Jacksonville,FL,32219,249000,3,2.0,SECTION LAND,1104,,1960,99,226,,Active,,,https://www.redfin.com/FL/Jacksonville/9320-Garden-St-32219/home/108885083,NEFLMLS,1143206,N,Y,30.4074084,-81.8169068
MLS Listing,,Single Family Residential,2431 Caladium Rd,Jacksonville,FL,32211,349800,4,3.0,Arlington Hills,3182,,1956,163,110,,Active,,,https://www.redfin.com/FL/Jacksonville/2431-Caladium-Rd-32211/home/108857998,NEFLMLS,1143027,N,Y,30.3480125,-81.588083
MLS Listing,,Single Family Residential,1214 Franklin St,Jacksonville,FL,32206,81500,4,2.0,Campbell Addn To Jax,1590,,1899,110,51,,Active,,,https://www.redfin.com/FL/Jacksonville/1214-Franklin-St-32206/home/62409873,NEFLMLS,1142331,N,Y,30.3379549,-81.6395223
MLS Listing,,Single Family Residential,2967 Ernest St,Jacksonville,FL,32205,282000,3,2.0,Central Addn To Rive,1370,,1996,170,206,,Active,,,https://www.redfin.com/FL/Jacksonville/2967-Ernest-St-32205/home/108852724,NEFLMLS,1141946,N,Y,30.3179239,-81.7042645
MLS Listing,,Single Family Residential,8537 Bengalin Ave,Jacksonville,FL,32211,308000,3,2.0,Arlington,1985,,1960,177,155,,Active,,,https://www.redfin.com/FL/Jacksonville/8537-Bengalin-Ave-32211/home/108883526,NEFLMLS,1140630,N,Y,30.3389389,-81.5636274
MLS Listing,,Single Family Residential,2423 Green Oak Dr,Jacksonville,FL,32211,277600,4,2.0,Lake Lucina,1800,,1954,215,154,,Active,,,https://www.redfin.com/FL/Jacksonville/2423-Green-Oak-Dr-32211/home/58747725,NEFLMLS,1134507,N,Y,30.347571,-81.590337
MLS Listing,,Single Family Residential,4842 Sappho Ave,Jacksonville,FL,32205,259000,3,2.0,Fosters,1112,,1940,202,233,,Active,,,https://www.redfin.com/FL/Jacksonville/4842-Sappho-Ave-32205/home/105517761,NEFLMLS,1133677,N,Y,30.3128525,-81.73009
MLS Listing,,Single Family Residential,5612 Sabena Rd,Jacksonville,FL,32207,277300,4,3.0,Santa Monica,1810,,1961,229,153,,Active,,,https://www.redfin.com/FL/Jacksonville/5612-Sabena-Rd-32207/home/62409104,NEFLMLS,1131968,N,Y,30.2788253,-81.6075957
MLS Listing,,Single Family Residential,2918 Cesery Blvd,Jacksonville,FL,32277,271000,5,2.0,Arlington Hills,2282,,1958,253,119,,Active,,,https://www.redfin.com/FL/Jacksonville/2918-Cesery-Blvd-32277/home/58744889,NEFLMLS,1127297,N,Y,30.3541068,-81.5974037
MLS Listing,,Single Family Residential,5612 Oliver St,Jacksonville,FL,32211,250000,4,3.0,Eggleston Heights,2332,,1954,257,107,,Active,,,https://www.redfin.com/FL/Jacksonville/5612-Oliver-St-32211/home/62407810,NEFLMLS,1127233,N,Y,30.3401026,-81.6021144
MLS Listing,,Single Family Residential,8824 10th Ave,Jacksonville,FL,32208,347500,4,2.0,Rio Vista,1903,,1961,261,183,,Active,,,https://www.redfin.com/FL/Jacksonville/8824-10th-Ave-32208/home/58711294,NEFLMLS,1126307,N,Y,30.398885,-81.6913484
MLS Listing,,Single Family Residential,5654 Bennington Dr,Jacksonville,FL,32244,140000,2,2.0,LEXINGTON SQUARE,,,1986,317,,,Active,,,https://www.redfin.com/FL/Jacksonville/5654-Bennington-Dr-32244/home/108852589,MARMLS,A11060841,N,Y,30.2442118,-81.7295949
MLS Listing,,Single Family Residential,1516 West 9th St,Jacksonville,FL,32209,150000,6,2.0,Lincoln Park,2587,,1916,158,58,,Active,,,https://www.redfin.com/FL/Jacksonville/1516-W-9th-St-32209/home/108777522,NEFLMLS,1116463,N,Y,30.3479819,-81.6804406
MLS Listing,,Single Family Residential,1444 E 26 Street St,Jacksonville,FL,32206,130000,7,3.0,02374 Edmondsons S/d Lot 5 Blk,3352,,1969,353,39,,Active,,,https://www.redfin.com/FL/Jacksonville/1444-E-26th-St-32206/home/72759253,Beaches MLS,RX-10716607,N,Y,30.3603771,-81.6360124
For-Sale-by-Owner Listing,,Single Family Residential,507 W 16th St,Jacksonville,FL,32206,350000,3,2.0,Jacksonville,1812,5000,1980,27,193,,Active,,,https://www.redfin.com/FL/Jacksonville/507-W-16th-St-32206/home/178980056,Fizber.com,11466007,N,Y,30.35369,-81.661737
For-Sale-by-Owner Listing,,Single Family Residential,4158 Arcot Cir,Jacksonville,FL,32210,270000,5,3.5,Jacksonville,2056,10019,1955,39,131,,Active,,,https://www.redfin.com/FL/Jacksonville/4158-Arcot-Cir-32210/home/62486367,Fizber.com,11465590,N,Y,30.2653442,-81.7437931
For-Sale-by-Owner Listing,,Single Family Residential,118 33rd St W,Jacksonville,FL,32206,130000,2,2.0,Jacksonville,1153,6090,1926,39,113,,Active,,,https://www.redfin.com/FL/Jacksonville/118-33rd-St-W-32206/home/108856919,Fizber.com,11465375,N,Y,30.364286,-81.6558308
For-Sale-by-Owner Listing,,Single Family Residential,5428 Morse Ave,Jacksonville,FL,32244,330000,3,2.0,Jacksonville,1738,30927,2005,48,190,,Active,,,https://www.redfin.com/FL/Jacksonville/5428-Morse-Ave-32244/home/108827781,Fizber.com,11464996,N,Y,30.2260931,-81.7213239
For-Sale-by-Owner Listing,,Single Family Residential,11466 Sweet Cherry Ln S,Jacksonville,FL,32225,350000,3,2.0,Jacksonville,1675,8777,1989,74,209,,Active,,,https://www.redfin.com/FL/Jacksonville/11466-Sweet-Cherry-Ln-S-32225/home/62466044,Fizber.com,11463295,N,Y,30.3832922,-81.5141671
For-Sale-by-Owner Listing,,Single Family Residential,4290 Windergate Dr,Jacksonville,FL,32257,195000,2,2.5,Jacksonville,1314,2330,1984,107,148,,Active,,,https://www.redfin.com/FL/Jacksonville/4290-Windergate-Dr-32257/home/108879323,Fizber.com,11461238,N,Y,30.1804456,-81.6043733
For-Sale-by-Owner Listing,,Single Family Residential,2444 Ormsby Cir E,Jacksonville,FL,32210,330000,3,2.0,Jacksonville,1240,9709,1954,169,266,,Active,,,https://www.redfin.com/FL/Jacksonville/2444-Ormsby-Cir-E-32210/home/108792271,Fizber.com,11456660,N,Y,30.2733884,-81.7371007
For-Sale-by-Owner Listing,,Single Family Residential,4533 Windergate Dr,Jacksonville,FL,32257,189900,2,2.5,Jacksonville,1314,2716,1985,220,145,,Active,,,https://www.redfin.com/FL/Jacksonville/4533-Windergate-Dr-32257/home/108863008,Fizber.com,11450812,N,Y,30.1794475,-81.6020185
For-Sale-by-Owner Listing,,Single Family Residential,2565 Calvin St,Jacksonville,FL,32204,119000,3,2.0,Jacksonville,1044,3598,1972,230,114,,Active,,,https://www.redfin.com/FL/Jacksonville/2565-Calvin-St-32204/home/58754338,Fizber.com,11449878,N,Y,30.3262284,-81.6933052
For-Sale-by-Owner Listing,,Single Family Residential,5910 Norde Dr W,Jacksonville,FL,32244,210000,3,2.0,Jacksonville,1756,8625,1959,244,120,,Active,,,https://www.redfin.com/FL/Jacksonville/5910-Norde-Dr-W-32244/home/62400388,Fizber.com,11448094,N,Y,30.2416265,-81.7535988
For-Sale-by-Owner Listing,,Single Family Residential,4326 Hercules Ave,Jacksonville,FL,32205,238000,2,2.0,Jacksonville,1600,13503,1941,261,149,,Active,,,https://www.redfin.com/FL/Jacksonville/4326-Hercules-Ave-32205/home/108881740,Fizber.com,11446312,N,Y,30.3056631,-81.721112
New Construction Plan,,Single Family Residential,Cedar,Jacksonville,FL,32226,349990,3,2.0,Hidden Bluff,1590,,,,220,,Active,,,https://www.redfin.com/FL/Jacksonville/Hidden-Bluff/Cedar/home/179270826,NewHomeSource.com,Plan-192008822,N,Y,30.543487,-81.614857
New Construction Plan,,Single Family Residential,Ruby,Jacksonville,FL,32210,331950,4,2.0,Walkers Ridge,1822,,,,182,,Active,,,https://www.redfin.com/FL/Jacksonville/Walkers-Ridge/Ruby/home/174757287,NewHomeSource.com,Plan-191885012,N,Y,30.2498,-81.81869
New Construction Plan,,Single Family Residential,BRIO,Jacksonville,FL,32218,310990,4,2.5,Osprey Landing,2358,,,,132,,Active,,,https://www.redfin.com/FL/Jacksonville/Osprey-Landing/BRIO/home/177062300,NewHomeSource.com,Plan-191506592,N,Y,30.4375335,-81.7358578
New Construction Plan,,Single Family Residential,Coral,Jacksonville,FL,32210,333950,3,2.5,Walkers Ridge,1772,,,,188,,Active,,,https://www.redfin.com/FL/Jacksonville/Walkers-Ridge/Coral/home/174757288,NewHomeSource.com,Plan-191885011,N,Y,30.2498,-81.81869
New Construction Plan,,Single Family Residential,CHARLE,Jacksonville,FL,32218,295990,3,2.0,Osprey Landing,2124,,,,139,,Active,,,https://www.redfin.com/FL/Jacksonville/Osprey-Landing/CHARLE/home/177062302,NewHomeSource.com,Plan-191506591,N,Y,30.4375335,-81.7358578
New Construction Plan,,Single Family Residential,Onyx,Jacksonville,FL,32210,314950,3,2.0,Walkers Ridge,1568,,,,201,,Active,,,https://www.redfin.com/FL/Jacksonville/Walkers-Ridge/Onyx/home/174757289,NewHomeSource.com,Plan-191885010,N,Y,30.2498,-81.81869
New Construction Plan,,Single Family Residential,TREVI,Jacksonville,FL,32218,294990,4,3.0,Osprey Landing,2028,,,,145,,Active,,,https://www.redfin.com/FL/Jacksonville/Osprey-Landing/TREVI/home/177062304,NewHomeSource.com,Plan-191506590,N,Y,30.4375335,-81.7358578
New Construction Plan,,Single Family Residential,VERO,Jacksonville,FL,32234,266990,3,2.0,Winchester Ridge,1222,,,,218,,Active,,,https://www.redfin.com/FL/Jacksonville/Winchester-Ridge/VERO/home/179167334,NewHomeSource.com,Plan-191904843,N,Y,30.2022819,-81.958063
New Construction Plan,,Single Family Residential,HALLE,Jacksonville,FL,32218,275990,3,2.0,Osprey Landing,1712,,,,161,,Active,,,https://www.redfin.com/FL/Jacksonville/Osprey-Landing/HALLE/home/177062305,NewHomeSource.com,Plan-191506589,N,Y,30.4375335,-81.7358578
New Construction Plan,,Single Family Residential,Cedar,Jacksonville,FL,32226,339990,3,2.0,Timber Cove,1590,,,,214,,Active,,,https://www.redfin.com/FL/Jacksonville/Timber-Cove/Cedar/home/176919638,NewHomeSource.com,Plan-191916509,N,Y,30.5059385,-81.5791967
New Construction Plan,,Single Family Residential,ELAN,Jacksonville,FL,32218,265990,3,2.0,Osprey Landing,1544,,,,172,,Active,,,https://www.redfin.com/FL/Jacksonville/Osprey-Landing/ELAN/home/177062306,NewHomeSource.com,Plan-191506588,N,Y,30.4375335,-81.7358578
New Construction Plan,,Single Family Residential,SERENATA,Jacksonville,FL,32219,331990,4,2.5,Highland Chase - Highland Chase 60s,2512,,,,132,,Active,,,https://www.redfin.com/FL/Jacksonville/Highland-Chase-Highland-Chase-60s/SERENATA/home/177062277,NewHomeSource.com,Plan-191662828,N,Y,30.406579,-81.8261544
New Construction Plan,,Single Family Residential,PRINCETON,Jacksonville,FL,32219,326990,3,2.0,Highland Chase - Highland Chase 60s,2268,,,,144,,Active,,,https://www.redfin.com/FL/Jacksonville/Highland-Chase-Highland-Chase-60s/PRINCETON/home/177062276,NewHomeSource.com,Plan-191733038,N,Y,30.406579,-81.8261544
New Construction Plan,,Single Family Residential,TIVOLI,Jacksonville,FL,32219,326990,4,3.0,Highland Chase - Highland Chase 60s,2267,,,,144,,Active,,,https://www.redfin.com/FL/Jacksonville/Highland-Chase-Highland-Chase-60s/TIVOLI/home/177499523,NewHomeSource.com,Plan-191662826,N,Y,30.4065708,-81.8261544
New Construction Plan,,Single Family Residential,MEDALLION,Jacksonville,FL,32219,346990,4,3.0,Highland Chase - Highland Chase 60s,2657,,,,131,,Active,,,https://www.redfin.com/FL/Jacksonville/Highland-Chase-Highland-Chase-60s/MEDALLION/home/177062278,NewHomeSource.com,Plan-191662825,N,Y,30.406579,-81.8261544
New Construction Plan,,Single Family Residential,CHARLE,Jacksonville,FL,32219,316490,3,2.0,Highland Chase - Highland Chase 50s,2124,,,,149,,Active,,,https://www.redfin.com/FL/Jacksonville/Highland-Chase-Highland-Chase-50s/CHARLE/home/177499524,NewHomeSource.com,Plan-191662824,N,Y,30.4065708,-81.8261544
New Construction Plan,,Single Family Residential,BRIO,Jacksonville,FL,32219,330990,4,2.5,Highland Chase - Highland Chase 50s,2358,,,,140,,Active,,,https://www.redfin.com/FL/Jacksonville/Highland-Chase-Highland-Chase-50s/BRIO/home/177499525,NewHomeSource.com,Plan-191662823,N,Y,30.4065708,-81.8261544
New Construction Plan,,Single Family Residential,TREVI,Jacksonville,FL,32219,318490,4,3.0,Highland Chase - Highland Chase 50s,2028,,,,157,,Active,,,https://www.redfin.com/FL/Jacksonville/Highland-Chase-Highland-Chase-50s/TREVI/home/177499526,NewHomeSource.com,Plan-191662822,N,Y,30.4065708,-81.8261544
New Construction Plan,,Single Family Residential,ELAN,Jacksonville,FL,32219,291490,3,2.0,Highland Chase - Highland Chase 50s,1544,,,,189,,Active,,,https://www.redfin.com/FL/Jacksonville/Highland-Chase-Highland-Chase-50s/ELAN/home/177062279,NewHomeSource.com,Plan-191662821,N,Y,30.406579,-81.8261544
New Construction Plan,,Single Family Residential,Fraser,Jacksonville,FL,32244,349950,3,2.0,Forest Crest,1700,,,,206,,Active,,,https://www.redfin.com/FL/Jacksonville/Forest-Crest/Fraser/home/179000328,NewHomeSource.com,Plan-191911740,N,Y,30.215261,-81.76414
New Construction Plan,,Single Family Residential,HALLE,Jacksonville,FL,32219,301490,3,2.0,Highland Chase - Highland Chase 50s,1712,,,,176,,Active,,,https://www.redfin.com/FL/Jacksonville/Highland-Chase-Highland-Chase-50s/HALLE/home/177499527,NewHomeSource.com,Plan-191662820,N,Y,30.4065708,-81.8261544
New Construction Plan,,Single Family Residential,Beech,Jacksonville,FL,32244,339950,3,2.0,Forest Crest,1576,,,,216,,Active,,,https://www.redfin.com/FL/Jacksonville/Forest-Crest/Beech/home/179059073,NewHomeSource.com,Plan-191911739,N,Y,30.215261,-81.76414
New Construction Plan,,Single Family Residential,Balsam,Jacksonville,FL,32244,328950,3,2.0,Forest Crest,1393,,,,236,,Active,,,https://www.redfin.com/FL/Jacksonville/Forest-Crest/Balsam/home/179059074,NewHomeSource.com,Plan-191911738,N,Y,30.215261,-81.76414
New Construction Plan,,Single Family Residential,SUNNYDALE,Jacksonville,FL,32234,339990,4,2.5,Winchester Ridge,2206,,,,154,,Active,,,https://www.redfin.com/FL/Jacksonville/Winchester-Ridge/SUNNYDALE/home/177332659,NewHomeSource.com,Plan-191775376,N,Y,30.2022819,-81.958063
New Construction Plan,,Single Family Residential,SEASIDE,Jacksonville,FL,32234,312990,4,2.0,Winchester Ridge,1934,,,,162,,Active,,,https://www.redfin.com/FL/Jacksonville/Winchester-Ridge/SEASIDE/home/177046792,NewHomeSource.com,Plan-191904847,N,Y,30.2022819,-81.958063
New Construction Plan,,Single Family Residential,ST. GEORGE,Jacksonville,FL,32234,307990,4,2.0,Winchester Ridge,1778,,,,173,,Active,,,https://www.redfin.com/FL/Jacksonville/Winchester-Ridge/ST-GEORGE/home/177482731,NewHomeSource.com,Plan-191904846,N,Y,30.2022819,-81.958063
New Construction Plan,,Single Family Residential,BERKELEY,Jacksonville,FL,32234,292990,3,2.0,Winchester Ridge,1655,,,,177,,Active,,,https://www.redfin.com/FL/Jacksonville/Winchester-Ridge/BERKELEY/home/177482732,NewHomeSource.com,Plan-191904845,N,Y,30.2022819,-81.958063
New Construction Plan,,Single Family Residential,ADELE,Jacksonville,FL,32234,282990,3,2.0,Winchester Ridge,1402,,,,202,,Active,,,https://www.redfin.com/FL/Jacksonville/Winchester-Ridge/ADELE/home/177482733,NewHomeSource.com,Plan-191904844,N,Y,30.2022819,-81.958063
New Construction Plan,,Single Family Residential,Adeline,Jacksonville,FL,32221,329990,3,2.0,Panther Creek,1549,,,,213,,Active,,,https://www.redfin.com/FL/Jacksonville/Panther-Creek/Adeline/home/175314515,NewHomeSource.com,Plan-181900281,N,Y,30.2914579,-81.8574471
